id,name
1uNFoZAHBGtllmzznpCI3s,"Justin Bieber"
4q3ewBCX7sLwd24euuV69X,"Bad Bunny"
06HL4z0CvFAxyc27GXpf02,"Taylor Swift"
3TVXtAsR1Inumwj472S9r4,"Drake"
4MCBfE4596Uoi2O4DtmEMz,"Juice WRLD"
1Xyo4u8uXC1ZmMpatF05PJ,"The Weeknd"
3Nrfpe0tUJi4K4DXYWgMUX,"BTS"
7iK8PXO48WeuP03g8YR51W,"Myke Towers"
66CXWjxzNUsdJxJ2JdwvnR,"Ariana Grande"
1vyhD5VmyZ7KMfW5gqLgo5,"J Balvin"
6M2wZ9GZgrQXHCFfjv46we,"Dua Lipa"
7dGJo4pcD2V6oG8kP0tJRR,"Eminem"
0Y5tJX1MQlPlqiwlOH1tJY,"Travis Scott"
4r63FhuTkUYltbVAg5TQnk,"DaBaby"
1i8SpTcr7yvPOmcqrbnVXY,"Ozuna"
1mcTU81TzQhprhouKaTkpq,"Rauw Alejandro"
0du5cEVh5yTK9QJze8zA0C,"Bruno Mars"
246dkjvS1zLTtiykXe5h60,"Post Malone"
5f7VJjfbwm532GiveGC0ZK,"Lil Baby"
0eDvMgVFoNV3TpwtrVCoTj,"Pop Smoke"
6qqNVTkY8uBg9cP3Jd7DAH,"Billie Eilish"
6eUKZXaKkcviH0Ku9w2n3V,"Ed Sheeran"
5K4W6rqBFWDnAN6FQUkS6x,"Kanye West"
15UsOTVnJzReFVN1VCnxy4,"XXXTENTACION"
2R21vXR83lH98kGeO99Y66,"Anuel AA"
6LuN9FCkKOj5PcnpouEgny,"Khalid"
5pKCCKE2ajJHZ9KAiaK11H,"Rihanna"
5cj0lLjcoR7YOSnhnX0Po5,"Doja Cat"
4fxd5Ee7UefO4CUXgwJ7IP,"Giveon"
6jGMq4yGs7aQzuGsMgVgZR,"Lil Tjay"
6AgTAQt8XS6jRWi4sX7w49,"Polo G"
4VMYDCV2IEDYJArk749S6m,"Daddy Yankee"
1RyvyyTE3xzB2ZywiAwp0i,"Future"
329e4yvIujISKGKz1BZZbO,"Farruko"
1r4hJ1h58CWwUQe3MxPuau,"Maluma"
04gDigrS5kc9YWfZHwBETP,"Maroon 5"
4O15NlyKLIASxsJ0PrXPfz,"Lil Uzi Vert"
50co4Is1HCEo8bhOyUWKpn,"Young Thug"
2tIP7SsRs7vjIcLrU85W8J,"The Kid LAROI"
6KImCVD70vtIoJWnq6nGn3,"Harry Styles"
4kYSro6naA4h99UJvo89HB,"Cardi B"
28gNT5KBp7IjEOQoevXf9N,"Camilo"
1Cs0zKBU1kc0i8ypK3B9ai,"David Guetta"
7bXgB6jMjp9ATFy66eO08Z,"Chris Brown"
4AK6F7OLvEQ5QYCBNiQWHq,"One Direction"
3meJIgRw7YleJrmbpbJK6S,"Die drei ???"
55Aa2cqylxrFIXC767Z865,"Lil Wayne"
5WUlDfRSoLAfcVSX1WnrxN,"Sia"
0hCNtLu0JehylgoiP8L4Gh,"Nicki Minaj"
0EFisYRi20PTADoJrifHrz,"Jhay Cortez"
2hlmm7s2ICUX0LVIhVFlZQ,"Gunna"
7jVv8c5Fj3E9VhNjxT4snq,"Lil Nas X"
7n2wHs1TKAczGzO7Dd2rGr,"Shawn Mendes"
790FomKkXshlbRYZFtlgla,"KAROL G"
53XhwfbYqKCa1cC15pYq2q,"Imagine Dragons"
0C8ZW7ezQVs4URX5aX7Kqx,"Selena Gomez"
77ziqFxp5gaInVrF2lj4ht,"Sech"
4gzpq5DPGxSnKTe4SA8HAU,"Coldplay"
20wkVLutqVOYrc0kxFs7rA,"Daniel Caesar"
1dfeR4HaWDbWqFHLkxsg1d,"Queen"
2YZyLoL8N0Wb9xBt1NhZWg,"Kendrick Lamar"
6S2OmqARrzebs0tKUEyXyp,"Demi Lovato"
00FQb4jTyendYWaN8pK0wa,"Lana Del Rey"
26VFTg2z8YR0cCuwLzESi2,"Halsey"
1HY2Jd0NmPuamShAr6KMms,"Lady Gaga"
6fOMl44jA4Sp5b9PpYCkzz,"NF"
5YGY8feqx7naU7z4HrwZM6,"Miley Cyrus"
757aE44tKEUQEqRuT6GnEB,"Roddy Ricch"
6vWDO969PvNqNYHIOW5v0m,"Beyoncé"
07YZf4WDAMNwqr4jfgOZ8y,"Jason Derulo"
3WrFJ7ztbogyGnTHbHJFl2,"The Beatles"
6TIYQ3jFPwQSRmorSezPxX,"Machine Gun Kelly"
2wY79sveU1sp5g7SokKOiI,"Sam Smith"
3E6xrwgnVfYCrCs0ePERDz,"Wisin"
64KEffDW9EtZ1y2vBYgq8T,"Marshmello"
7c0XG5cIJTrrAgEC3ULPiq,"Ty Dolla $ign"
1SupJlEpv7RS2tPNRaHViT,"Nicky Jam"
137W8MRPWKqSmrBGDBFSop,"Wiz Khalifa"
7tYKF4w9nC0nq9CsPZTHyP,"SZA"
1U1el3k54VvEUzo3ybLPlM,"Kali Uchis"
3hcs9uc56yIGFCSy9leWe7,"Lil Durk"
1McMsnEElThX1knmY4oliG,"Olivia Rodrigo"
2kCcBybjl3SAtIcwdWpUe3,"Lil Peep"
4oUHIQIBe0LHzYfvXNW4QM,"Morgan Wallen"
181bsRPaVXVlUKXrxwZfHK,"Megan Thee Stallion"
14zUHaJZo1mnYtn6IBRaRP,"Justin Quiles"
6fWVd57NKTalqvmjRd2t8Z,"24kGoldn"
6ASri4ePR7RlsvIQgWPJpS,"iann dior"
6Xgp2XMz1fhVYe7i6yNAax,"Trippie Redd"
7CajNmpbOovFoOoasH2HaY,"Calvin Harris"
0EmeFodog0BfCgMzAIvKQp,"Shakira"
6XyY86QOPPrYVGvF9ch6wz,"Linkin Park"
7Ln80lUS6He07XvHI8qqHH,"Arctic Monkeys"
4LLpKhyESsyAXpc4laK94U,"Mac Miller"
1URnnhqYAYcrqrcwql10ft,"21 Savage"
41MozSoPIsD1dJM0CLPjZF,"BLACKPINK"
6jJ0s89eD6GaHleKKya26X,"Katy Perry"
2cFrymmkijnjDg9SS92EPM,"blackbear"
3nFkdlSjzX9mRTtwJOzDYB,"JAY-Z"
1pQWsZQehhS4wavwh7Fnxd,"Lenny Tavárez"
6l3HvQ5sa6mXTsMTB19rO5,"J. Cole"
2o5jDhtHVPhrJdv3cEQ99Z,"Tiësto"
5fMUXHkw8R8eOP2RNVYEZX,"Diplo"
0fA0VVWsXO9YnASrzqfmYu,"Kid Cudi"
4GNC7GD6oZMSxPGyXy4MNB,"Lewis Capaldi"
4npEfmQ6YuiwW1GpUmaq3F,"Ava Max"
23fqKkggKUBHNkbKtXEls4,"Kygo"
0XwVARXT135rw8lyw1EeWP,"Christian Nodal"
5Lv2GUVwqmQBPwrTrxucE5,"Os Barões Da Pisadinha"
7wlFDEWiM5OoIAt8RSli8b,"YoungBoy Never Broke Again"
3jK9MiCrA42lLAdMGUZpwa,"Anderson .Paak"
1yxSLGMDHlW21z4YXirZDS,"Black Eyed Peas"
0TnOYISbd1XYRBk9myaseg,"Pitbull"
77SW9BnxLY8rJ0RciFqkHh,"The Neighbourhood"
5LHRHt1k9lMyONurDHEdrp,"Tyga"
7hJcb9fa4alzcOq3EaNPoG,"Snoop Dogg"
4tZwfgrHOc3mvqYlEYSvVi,"Daft Punk"
2h93pZq0e7k5yf4dywlkpM,"Frank Ocean"
13ubrt8QOOCPljQ2FL1Kca,"A$AP Rocky"
1KCSPY1glIKqW2TotWuXOR,"P!nk"
4SsVbpTthjScTS7U2hmr1X,"Arcangel"
3YQKmKGau1PzlVlkL1iodx,"Twenty One Pilots"
31W5EY0aAly4Qieq6OFu6I,"A Boogie Wit da Hoodie"
4IWBUUAFIplrNtaOHcJPRM,"James Arthur"
7ltDVBr6mKbRvohxheJ9h1,"ROSALÍA"
2cPqdH7XMvwaBJEVjheH8g,"Jay Wheeler"
07YUOmWljBTXwIseAUd9TW,"Sebastian Yatra"
4IVAbR2w4JJNJDDRFP3E83,"6LACK"
3MZsBdqDrRTJihTHQrO6Dq,"Joji"
718COspgdWOnwOFpJHRZHS,"Luke Combs"
4YRxDV8wJFPHPTeXepOstw,"Arijit Singh"
2ye2Wgw4gimLv2eAKyk1NB,"Metallica"
3PhoLpVuITZKcymswpck5b,"Elton John"
711MCceyCBcFnzjGY4Q7Un,"AC/DC"
4V8LLVI7PbaPR0K2TGSxFF,"Tyler, The Creator"
3fMbdgg4jU18AjLCKBhRSm,"Michael Jackson"
08GQAI4eElDnROBrJRGE0X,"Fleetwood Mac"
0L8ExT028jH3ddEcZwqJJ5,"Red Hot Chili Peppers"
3q7HBObVc0L8jNeTe5Gofh,"50 Cent"
1VPmR4DJC1PlOtd0IADAO0,"$uicideboy$"
7vk5e3vY1uw9plTHJAMwjN,"Alan Walker"
1vCWHaC5f2uS3yhpwWbIA6,"Avicii"
5lwmRuXgjX8xIwlnauTZIP,"Romeo Santos"
69GGBxA162lTqCwzJG5jLp,"The Chainsmokers"
4nDoRrQiYLoBzwC5BhVJzF,"Camila Cabello"
4dpARuHxo51G3z768sgnrY,"Adele"
1anyVhU62p31KFi8MEzkbf,"Chance the Rapper"
0VRj0yCOv2FXJNP47XQnx5,"Quavo"
4Gso3d4CscCijv0lmajZWs,"Don Toliver"
1uU7g3DNSbsu0QjSEqZtEd,"Masked Wolf"
0tmwSHipWxN12fsoLcFU3B,"Manuel Turizo"
0c173mlxpT3dSFRgMO8XPh,"Big Sean"
1dABGukgZ8XKKOdd2rVSHM,"Lofi Fruits Music"
0n6sKrG0xKAf8xmdqeNGke,"Los Legendarios"
5hdhHgpxyniooUiQVaPxQ0,"Nio Garcia"
2jku7tDXc6XoB6MO2hFuqg,"Tory Lanez"
45TgXXqMDdF8BkjA83OM7z,"Rod Wave"
699OTQXzgjhIYAHMy9RyPD,"Playboi Carti"
5ZsFI1h6hIdQRw2ti0hz81,"ZAYN"
7MiDcPa6UiV3In7lIM71IN,"Gusttavo Lima"
0iEtIxbK0KxaSlF7G42ZOp,"Metro Boomin"
1zNqQNIdeOUZHb8zbZRFMX,"Swae Lee"
5Rl15oVamLq7FbSb0NNBNy,"5 Seconds of Summer"
6olE6TJLqED3rqDCT0FyPh,"Nirvana"
31TPClRtHm23RisEBtV3X7,"Justin Timberlake"
1sBkRIssrMs1AbVkOJbc7a,"Rick Ross"
5Pwc4xIPtQLFEnJriah9YJ,"OneRepublic"
26dSoYclwsYLMAKD3tpOr4,"Britney Spears"
1wZtkThiXbVNtj6hee6dz9,"Wisin & Yandel"
2nszmSgqreHSdJA3zWPyrW,"Luis Miguel"
23zg3TcAtWQy7J6upgbUnj,"Usher"
3t5xRXzsuZmMDkQzgOX35S,"Robin Schulz"
64M6ah0SkkRsnPGtGiRAbb,"Bebe Rexha"
1TtXnWcUs0FCkaZDPGYHdf,"Darell"
0z4gvV4rjIZ9wHck67ucSV,"Akon"
5JZ7CnR6gTvEMKX4g70Amv,"Lauv"
0NGAZxHanS9e0iNHpR8f2W,"Alok"
2LIk90788K0zvyj2JJVwkJ,"Jack Harlow"
2C6i0I5RiGzDKN9IAF8reh,"Banda MS de Sergio Lizárraga"
3e7awlrlDSwF3iM0WBjGMp,"Little Mix"
0KPX4Ucy9dk82uj4GpKesn,"Dalex"
7rkW85dBwwrJtlHRDkJDAC,"NAV"
0xRXCcSX89eobfrshSVdyu,"MEDUZA"
47MpMsUfWtgyIIBEFOr4FE,"Lunay"
1yR65psqiazQpeM79CcGh8,"Marília Mendonça"
46SHBwWsqBkxI7EeeBEQG7,"Kodak Black"
0vR2qb8m9WHeZ5ByCbimq2,"Reik"
17lzZA2AlOHwCwFALHttmp,"2 Chainz"
4yvcSjfu4PC0CYQyLy4wSq,"Glass Animals"
5zctI4wO9XSKS8XwcnqEHk,"Lil Mosey"
45dkTj5sMRSjrmBSBeiHym,"Tate McRae"
1zNqDE7qDGCsyzJwohVaoX,"Anne-Marie"
1elUiq4X7pxej6FRlrEzjM,"Jorge & Mateus"
1ZwdS5xdxEREPySFridCfh,"2Pac"
3Isy6kedDrgPYoTS1dazA9,"Sean Paul"
2QsynagSdAqZj3U9HgDzjD,"Bob Marley & The Wailers"
22bE4uQ6baNwSHPVcDxLCe,"The Rolling Stones"
13y7CgLHjMVRMDqxdx0Xdo,"Gucci Mane"
02kJSzxNuaWGqwubyUba0Z,"G-Eazy"
5y2Xq6xcjJb2jVM54GHK3t,"John Legend"
33ScadVnbm2X8kkUqOkC6Z,"Don Omar"
20JZFwl6HVl6yg8a4H3ZqK,"Panic! At The Disco"
0X2BH1fck6amBIoJhDVmmJ,"Ellie Goulding"
0k17h0D3J5VfsdmQ1iZtE9,"Pink Floyd"
2LmcxBak1alK1bf7d1beTr,"Juhn"
3qm84nBOXUEQ2vnTfUTTFC,"Guns N' Roses"
540vIaP2JwjQb9dm3aArA4,"DJ Snake"
2kXKa3aAFngGz2P4GjG5w2,"SCH"
0u6GtibW46tFX7koQ6uNJZ,"Topic"
4DdkRBBYG6Yk9Ka8tdJ9BW,"Offset"
1HwM5zlC5qNWhJtM00yXzG,"DMX"
4UXqAaa6dQYAk18Lv7PEgX,"Fall Out Boy"
5ZS223C6JyBfXasXxrRqOk,"Jhené Aiko"
4xRYI6VqpkE3UwrDrAZL8L,"Logic"
60d24wfXkVzDSfLS6hyCjZ,"Martin Garrix"
716NhGYqD1jl2wI1Qkgq36,"Bizarrap"
5me0Irg2ANcsgc93uaYrpb,"The Notorious B.I.G."
4Uc8Dsxct0oMqx0P6i60ea,"Conan Gray"
5INjqkS1o8h1imAzPqGZBb,"Tame Impala"
0jnsk9HBra6NMjO2oANoPY,"Flo Rida"
7oPftvlwr6VrsViSDV7fJY,"Green Day"
0hEurMDQu99nJRq8pTxO14,"John Mayer"
7n2Ycct7Beij7Dj7meI4X0,"TWICE"
1GDbiv3spRmZ1XdM1jQbT7,"Natti Natasha"
6MPCFvOQv5cIGfw3jODMF0,"Internet Money"
6DgP9otnZw5z6daOntINxp,"Joel Corry"
1dKdetem2xEmjgvyymzytS,"Grupo Firme"
3b8QkneNDz4JHKKKlLgYZg,"Florida Georgia Line"
6PvvGcCY2XtUcSRld1Wilr,"Silk Sonic"
6w9ToX5slZ4uIdmD17hJ3c,"Bryant Myers"
2UZIAOlrnyZmyzt1nuXr9y,"Nicki Nicole"
4Ga1P7PMIsmqEZqhYZQgDo,"Lil Tecca"
4rXABp4A7KjG9elWFNAbO4,"Miracle Tones"
5rGrDvrLOV2VV8SCFVGWlj,"Imanbek"
5Wg2b4Mp42gicxEeDNawf7,"A7S"
2RdwBSPQiwcmiDo9kixcl8,"Pharrell Williams"
3DiDSECUqqY1AuBP8qtaIa,"Alicia Keys"
6Te49r3A6f5BiIgBRxH7FH,"Ninho"
1bAftSH8umNcGZ0uyV7LMg,"Duki"
5CiGnKThu5ctn9pBxv7DGa,"benny blanco"
37230BxxYs9ksS7OkZw3IU,"Chencho Corleone"
7FNnA9vBm6EKceENgCGRMb,"Anitta"
1z7b1Pr1rSlvWRzsW3HOrS,"Russ"
360IAlyVv4PCEVjgyMZrxK,"Miguel"
3t2iKODSDyzoDJw7AsD99u,"Bibi Blocksberg"
63yrD80RY3RNEM2YDpUpO8,"Melanie Martinez"
6oMuImdp5ZcFhWP0ESe6mG,"Migos"
1AL2GKpmRrKXkYIcASuRFa,"Wesley Safadão"
6icQOAFXDZKsumw3YXyusw,"Lil Yachty"
2feDdbD5araYcm6JhFHHw7,"Labrinth"
738wLrAtLtCtFOLvQBXOXp,"Major Lazer"
3l0CmX0FuQjFxr8SK7Vqag,"Clairo"
6cEuCEZu7PAE9ZSzLLc2oQ,"R3HAB"
6s22t5Y3prQHyaHWUN1R1C,"AJR"
4obzFoKoKRHIphyHzJ35G3,"Becky G"
3aQeKQSyrW4qWr35idm0cy,"T-Pain"
2uFUBdaVGtyMqckSeCl0Qj,"Ludovico Einaudi"
1Hsdzj7Dlq2I7tHP7501T4,"Niall Horan"
1l7ZsJRRS8wlW3WfJfPfNS,"Christina Aguilera"
6VuMaDnrHyPL1p4EHjYLi7,"Charlie Puth"
6DPYiyq5kWVQS4RGwxzPC7,"Dr. Dre"
4m6ubhNsdwF4psNf3R8kwR,"KHEA"
3AA28KZvwAUcZuOKwyblJQ,"Gorillaz"
2FXC3k01G6Gw61bmprjgqS,"Hozier"
5KNNVgR6LBIABRIomyCwKJ,"Dermot Kennedy"
21E3waRsmPlU7jZsS13rcj,"Ne-Yo"
51Blml2LZPmy7TTiAg47vQ,"U2"
2oQX8QiMXOyuqbcZEFsZfm,"El Alfa"
3tlXnStJ1fFhdScmQeLpuG,"Brent Faiyaz"
0oSGxfWSnnOXhD2fKuz2Gy,"David Bowie"
1gPhS1zisyXr5dHTYZyiMe,"Kevin Gates"
1Xylc3o4UrD53lo9CvFvVg,"Zara Larsson"
1Ffb6ejR6Fe5IamqA5oRUF,"Bring Me The Horizon"
3gIRvgZssIb9aiirIg0nI3,"Jeremy Zucker"
0QHgL1lAIqAw0HtD7YldmP,"DJ Khaled"
0ZED1XzwlLHW4ZaG4lOT6m,"Julia Michaels"
3IW7ScrzXmPvZhB27hmfgy,"Jul"
0e86yPdC41PGRkLp2Q1Bph,"Mother Mother"
5TYxZTjIPqKM8K8NuP9woO,"C. Tangana"
1cNDP5yjU5vjeR8qMf4grg,"YNW Melly"
6cK3NBO6uP7hh0oyuVELFl,"Saweetie"
48HORs6F9P7IgdyKrk4MZC,"Tarcísio do Acordeon"
64tJ2EAv1R6UaZqc4iOCyj,"YOASOBI"
5F1aAS1duwlzExnPs3l2Xe,"Pooh Shiesty"
2NjfBq1NflQcKSeiDooVjY,"Tones And I"
09agIJMxCD2k87ys9Al0f0,"VIZE"
57LYzLEk2LcFghVwuWbcuS,"Summer Walker"
4Z8W4fKeB5YxbusRsdQVPb,"Radiohead"
12vb80Km0Ew53ABfJOepVz,"Ñengo Flow"
6vXTefBL93Dj5IqAWq6OTv,"French Montana"
0ErzCpIMyLcjPiwT4elrtZ,"NLE Choppa"
36QJpDe2go2KgaRleHCDTp,"Led Zeppelin"
1Ts9of7VPZElwPQnqnDSfW,"Lyanno"
3tJoFztHeIJkJWMrx0td2f,"Moneybagg Yo"
3wcj11K77LjEY1PkEazffa,"Burna Boy"
5JXhkyafynxCvxtov7C1PV,"Bruno & Marrone"
0eHQ9o50hj6ZDNBt6Ys1sD,"Yandel"
0cGUm45nv7Z6M6qdXYQGTX,"Kehlani"
4bL2B6hmLlMWnUEZnorEtG,"Felix Jaehn"
2o08sCWF5yyo2G4DCiT7T9,"HVME"
3Y7RZ31TRPVadSFVy1o8os,"H.E.R."
58lV9VcRSjABbAbfWS6skp,"Bon Jovi"
6LqNN22kT3074XbTVUrhzX,"Kesha"
5C4PDR4LnhZTbVnKWXuDKD,"Morat"
0LcJLqbBmaGUft1e9Mm8HV,"ABBA"
1Bl6wpkWCQ4KVgnASpvzzA,"BROCKHAMPTON"
4wLXwxDeWQ8mtUIRPxGiD6,"Marc Anthony"
0A0FS04o6zMoto8OKPsDwY,"YG"
7i9j813KFoSBMldGqlh2Z1,"Riton"
21451j1KhjAiaYKflxBjr1,"Zion & Lennox"
2wUjUUtkb5lvLKcGKsKqsR,"Alessia Cara"
3IYUhFvPQItj6xySrBmZkd,"Creedence Clearwater Revival"
73sIBHcqh3Z3NyqHKZ7FOL,"Childish Gambino"
6MDME20pz9RveH9rEXvrOM,"Clean Bandit"
6WY7D3jk8zTrHtmkqqo5GI,"Maren Morris"
7jy3rLJdDQY21OgRLCZ9sD,"Foo Fighters"
6Ad91Jof8Niiw0lGLLi3NW,"YUNGBLUD"
2HPaUgqeutzr3jx5a9WyDV,"PARTYNEXTDOOR"
2qxJFvFYMEDqd7ui6kSAcq,"Zedd"
2EMAnMvWE2eb56ToJVfCWs,"Bryson Tiller"
0GM7qgcRCORpGnfcN2tCiB,"Tainy"
5KKpBU5eC2tJDzf0wmlRp2,"RAYE"
3PyJHH2wyfQK3WZrk9rpmP,"Ashnikko"
3KV3p5EY4AvKxOlhGHORLg,"Jeremih"
0C0XlULifJtAgn6ZNCW2eu,"The Killers"
47mIJdHORyRerp4os813jD,"League of Legends"
7pbDxGE6nQSZVfiFdq9lOL,"Rex Orange County"
6sq1yF0OZEWA4xoXVKW1L9,"Alejandro Fernández"
6QtgPSJPSzcnn7dPZ4VINp,"King Von"
5aIqB5nVVvmFsvSdExz408,"Johann Sebastian Bach"
1wRPtKGflJrBx9BmLsSwlU,"Pritam"
4bw2Am3p9ji3mYsXNXtQcd,"Piso 21"
66ihevNkSYNzRAl44dx6jJ,"Carin Leon"
4YLtscXsxbVgi031ovDDdh,"Chris Stapleton"
5eAWCfyUhZtHHtBdNk56l1,"System Of A Down"
2kRfqPViCqYdSGhYSM9R0Q,"Madison Beer"
2rhFzFmezpnW82MNqEKVry,"Ski Mask The Slump God"
6FBDaR13swtiWwGhX1WQsP,"blink-182"
74XFHRwlV6OrjEM0A2NCMF,"Paramore"
1aS5tqEs9ci5P9KD9tZWa6,"Bonez MC"
20sxb77xiYeusSH8cVdatc,"Meek Mill"
25UNJbwGZSQKvz5cPLWlv3,"Los Dos Carnales"
3Edve4VIATi0OZngclQlkN,"Dopamine"
4L2dV3zY7RmkeiNO035Fi0,"Mufasa & Hypeman"
6bmlMHgSheBauioMgKv2tn,"Powfu"
1PKErrAhYFdfrDymGHRQRo,"Nathan Evans"
0BqURncJM5B1BBu7UM51eq,"Guaynaa"
5R9eOlQf7HGzD6srMeJKio,"Solfeggio Healing Frequencies MT"
3eVa5w3URK5duf6eyVDbu9,"ROSÉ"
3hv9jJF3adDNsBSIQDqcjp,"Mark Ronson"
0p4nmQO2msCgU4IF37Wi3j,"Avril Lavigne"
0h1zs4CTlU9D2QtgPxptUD,"Ricardo Arjona"
5he5w2lnU9x7JFhnwcekXX,"Skrillex"
4LEiUm1SRbFMgfqnQTwUbQ,"Bon Iver"
0epOFNiUfyON9EYx7Tpr6V,"The Strokes"
0YinUQ50QDB7ZxSCLyQ40k,"Mustard"
7gOdHgIoIKoe4i9Tta6qdD,"Jonas Brothers"
2Jc4AEeBTE47KwuKgYOtcL,"Die drei !!!"
2DaxqgrOhkeH0fpeiQq2f4,"Oasis"
3HqSLMAZ3g3d5poNaI7GOU,"IU"
3ipn9JLAPI5GUEo4y4jcoi,"Ludacris"
7FBcuc1gsnv6Y1nwFtNRCb,"My Chemical Romance"
1LZEQNv7sE11VDY3SdxQeN,"Bee Gees"
3klZnJvYGIbWritVwQD434,"Duncan Laurence"
4V8Sr092TqfHkfAA5fXXqG,"Luis Fonsi"
4lxfqrEsLX6N1N4OCSkILp,"Phil Collins"
20gsENnposVs2I4rQ5kvrf,"Sam Feldt"
7Ey4PD4MYsKc5I2dolUwbH,"Aerosmith"
0BvkDsjIUla7X0k6CSWh1I,"Luke Bryan"
7okwEbXzyT2VffBmyQBWLz,"Maná"
6XpaIBNiVzIetEPCWDvAFP,"Whitney Houston"
1HBjj22wzbscIZ9sEb5dyf,"Jonas Blue"
163tK9Wjr9P9DmM0AVK7lm,"Lorde"
43ZHCT0cAZBISjO8DG9PnE,"Elvis Presley"
3MHaV05u0io8fQbZ2XPtlC,"Prince Royce"
0H39MdGGX6dbnnQPt6NQkZ,"SAINt JHN"
6tbjWDEIzxoDsBA1FuhfPW,"Madonna"
4jogXSSvlyMkODGSZ2wc2P,"Calibre 50"
487N2T9nIPEHrlTZLL3SQs,"Zé Neto & Cristiano"
4iHNK0tOyZPYnBU7nGAgpQ,"Mariah Carey"
3p7PcrEHaaKLJnPUGOtRlT,"Henrique & Juliano"
6w3SkAHYPsQ1bxV7VDlG5y,"Cazzu"
3GBPw9NK25X1Wt2OUvOwY3,"Jack Johnson"
7z5WFjZAIYejWy0NI5lv4T,"Dan + Shay"
7EQ0qTo7fWT7DPxmxtSYEc,"Bastille"
41QLxRXlc2NwfJZkHGHKid,"Israel & Rodolffo"
7d3WFRME3vBY2cgoP38RDo,"Lil Skies"
1gALaWbNDnwS2ECV09sn2A,"Nightcrawlers"
2ydZrTy8U3kOMOzx20s3dg,"DJ Nelson"
0elWFr7TW8piilVRYJUe4P,"Natanael Cano"
2DlGxzQSjYe5N6G9nkYghR,"Jennifer Lopez"
1DxLCyH42yaHKGK3cl5bvG,"Maria Becerra"
3oSJ7TBVCWMDMiYjXNiCKE,"Kane Brown"
0ECwFtbIWEVNwjlrfc6xoL,"Eagles"
6JL8zeS1NmiOftqZTRgdTz,"Meghan Trainor"
3EiLUeyEcA6fbRPSHkG5kb,"De La Ghetto"
16oZKvXb6WkQlVAjwo2Wbg,"The Lumineers"
2IMZYfNi21MGqxopj9fWx8,"Rels B"
77AiFEVeAVj2ORpC85QVJs,"Steve Aoki"
3eqjTLE0HfPfh78zjh6TqT,"Bruce Springsteen"
2x8vG4f0HYXzMEo3xNsoiI,"Bibi und Tina"
07PdYoE4jVRF6Ut40GgVSP,"Cartel De Santa"
1Oa0bMld0A3u5OTYfMzp5h,"Nate Dogg"
5Y5TRrQiqgUO4S36tzjIRZ,"Timbaland"
5IH6FPUwQTxPSXurCrcIov,"Alec Benjamin"
00XhexlJEXQstHimpZN910,"Brytiago"
4NHQUGzhtTLFvgF5SZesLK,"Tove Lo"
4GvEc3ANtPPjt1ZJllr5Zl,"Bazzi"
2LRoIwlKmHjgvigdNGBHNo,"Feid"
6wWVKhxIU2cEi0K81v7HvP,"Rammstein"
6x2LnllRG5uGarZMsD4iO8,"Thomas Rhett"
58wXmynHaAWI5hwlPZP3qL,"Booba"
05fG473iIaoy82BF1aGhL8,"Slipknot"
2qk9voo8llSGYcZ6xrBzKx,"Kings of Leon"
6zFYqv1mOsgBRQbae3JJ9e,"Billy Joel"
7qG3b048QCHVRO5Pv1T5lw,"Enrique Iglesias"
3uwAm6vQy7kWPS2bciKWx9,"girl in red"
7guDJrEfX3qb6FEbdPA5qi,"Stevie Wonder"
2dIgFjalVxs4ThymZ67YCE,"Stray Kids"
3mIj9lX2MWuHmhNCA7LSCW,"The 1975"
4rTv3Ejc7hKMtmoBOK1B4T,"Ali Gatie"
0vLsqW05dyLvjuKKftAEGA,"Die drei ??? Kids"
7yntSJ6uojO3z6GFUVwhAW,"CORPSE"
45eNHdiiabvmbp4erw26rg,"ILLENIUM"
4ScCswdRlyA23odg9thgIO,"Jess Glynne"
2nm38smINjms1LtczR0Cei,"Goodboys"
5JMLG56F1X5mFmWNmS0iAp,"Chelsea Cutler"
0SwO7SWeDHJijQ3XNS7xEE,"MGMT"
5dHt1vcEm9qb8fCyLcB3HL,"A$AP Ferg"
1fux65HMCBvfJHqlBc4Nno,"Casper Magico"
5M9Bb4adKAgrOFOhc05Y50,"Pablo Alborán"
7jZM5w05mGhw6wTB1okhD9,"ATB"
6kACVPfCOnqzgfEF5ryl0x,"Johnny Cash"
1w5Kfo2jwwIPruYS2UWh56,"Pearl Jam"
5rSXSAkZ67PYJSvpUpkOr7,"Backstreet Boys"
5NGO30tJxFlKixkPSgXcFE,"The Police"
0WwSkZ7LtFUFjGjMZBMt6T,"Dire Straits"
5t28BP42x2axFnqOOMg3CM,"Five Finger Death Punch"
5LfGQac0EIXyAN8aUwmNAQ,"The Offspring"
3TOqt5oJwL9BE2NG9MEwDa,"Disturbed"
0YC192cP3KPCRWx8zr8MfZ,"Hans Zimmer"
3UUJfRbrA2nTbcg4i0MOwu,"Original Broadway Cast of Hamilton"
6deZN1bslXzeGvOLaLMOIF,"Nickelback"
3Z02hBLubJxuFJfhacLSDc,"Bryan Adams"
26T3LtbuGT1Fu9m0eRq5X3,"Cage The Elephant"
4D75GcNG95ebPtNvoNVXhz,"Afrojack"
0SCbttzoZTnLFebDYmAWCm,"Glee Cast"
39yVoqm6sYFvvqF1RciUVf,"Carlos Rivera"
7gZfnEnfiaHzxARJ2LeXrf,"6ix9ine"
7uMh23xWiuR7zsNkuNcm2G,"MNEK"
6nS5roXSAGhTGr34W6n7Et,"Disclosure"
4OBJLual30L7gRl5UkeRcT,"T.I."
3CJKkU0XuElRT1z8rEtIYg,"Luciano"
5CCwRZC6euC8Odo6y9X8jr,"Rita Ora"
4WZGDpNwrC0vNQyl9QzF7d,"Capital Bra"
7IlRNXHjoOCgEAWN5qYksg,"Aya Nakamura"
10exVja0key0uqUkk6LJRT,"Vance Joy"
12Chz98pHFMPJEknJQMWvI,"Muse"
2gBjLmx6zQnFGQJCAQpRgw,"Nelly"
0my6Pg4I28dVcZLSpAkqhv,"El Fantasma"
1WgXqy2Dd70QQOU7Ay074N,"AURORA"
4phGZZrJZRo4ElhRtViYdl,"Jason Mraz"
1qto4hHid1P71emI6Fd8xi,"Aventura"
2Z0lRIqr997lIUiPtrpKCr,"Matheus & Kauan"
4NJhFmfw43RLBLjQvxDuRS,"Wolfgang Amadeus Mozart"
0ZCO8oVkMj897cKgFH7fRW,"Los Ángeles Azules"
0SfsnGyD8FpIN4U4WCkBZ5,"Armin van Buuren"
7Gi6gjaWy3DxyilpF1a8Is,"Junior H"
7F2utINZ6tSokSiZTQBE27,"Guè Pequeno"
4AVFqumd2ogHFlRbKIjp1t,"Alesso"
4AKwRarlmsUlLjIwt38NLw,"Ofenbach"
3JhNCzhSMTxs9WLGJJxWOY,"Macklemore"
2hejA1Dkf8v8R0koF44FvW,"Gera MX"
7FsRH5bw8iWpSbMX1G7xf1,"Joan Sebastian"
7arQA31aZVS8yS6zUveWzb,"CJ"
1Mxqyy3pSjf8kZZL4QVxS0,"Frank Sinatra"
5xSx2FM8mQnrfgM1QsHniB,"Danna Paola"
2uYWxilOVlUdk4oV9DvwqK,"Mitski"
5sUrlPAHlS9NEirDB8SEbF,"Alejandro Sanz"
1wxPItEzr7U7rGSMPqZ25r,"Shiloh Dynasty"
4riOEaOW5hCeqomFDBk0aP,"Rochy RD"
5YwzDz4RJfTiMHS4tdR5Lf,"Xamã"
6USv9qhCn6zfxlBQIYJ9qs,"Dominic Fike"
6Q192DXotxtaysaqNPy5yR,"Amy Winehouse"
0eecdvMrqBftK0M1VKhaF4,"CNCO"
4YYxffPVDFe9XoqqbRW6Bq,"L-Gante"
2p1fiYHYiXz9qi0JJyxBzN,"Skepta"
3WGpXCj9YhhfX11TToZcXP,"Troye Sivan"
3vQ0GE3mI0dAaxIMYe5g7z,"Paulo Londra"
1CoZyIx7UvdxT5c8UkMzHd,"Jorja Smith"
5pVRwX5ZQR7hfJ18w8ZYkl,"Ufo361"
3FfvYsEGaIb52QPXhg4DcH,"Jason Aldean"
55fhWPvDiMpLnE4ZzNXZyW,"Noah Cyrus"
4f7KfxeHq9BiylGmyXepGt,"Tanishk Bagchi"
5PoZtBo8xZKqPWlZrIDq82,"Billen Ted"
0GJ3FYu5TXpDjqvPs9iA4u,"Fets"
14CHVeJGrR5xgUGQFV5BVM,"Fivio Foreign"
0NIPkIjTV8mB795yEIiPYL,"Wallows"
4IJczjB0fJ04gs4uvP0Fli,"Gym Class Heroes"
3tVQdUvClmAT7URs9V3rsp,"WizKid"
5BcAKTbp20cv7tC5VqPFoC,"Macklemore & Ryan Lewis"
3CDoRporvSjdzTrm99a3gi,"LUDMILLA"
56oDRnqbIiwx4mymNEv7dS,"Lizzo"
5gCRApTajqwbnHHPbr2Fpi,"Juicy J"
4S9EykWXhStSc15wEx8QFK,"Céline Dion"
7slfeZO9LsJbWgpkIoXBUJ,"Ricky Martin"
2MRBDr0crHWE5JwPceFncq,"Juan Gabriel"
0nmQIMXWTXfhgOBdNzhGOs,"Avenged Sevenfold"
2VZNmg4vCnew4Pavo8zDdW,"Max Richter"
7bu3H8JO7d0UbMoVzbo70s,"The Cure"
0xOeVMOz2fVg5BJY3N6akT,"Jaden"
4yiQZ8tQPux8cPriYMWUFP,"Gwen Stefani"
21WS9wngs9AqFckK7yYJPM,"PnB Rock"
4aXXDj9aZnlshx7mzj3W1N,"Lin-Manuel Miranda"
7DMveApC7UnC2NPfPvlHSU,"Cheat Codes"
28uJnu5EsrGml2tBd7y8ts,"Vintage Culture"
2NfSBtmWe7oPw1EmetJVso,"Boza"
2jw70GZXlAI8QzWeY2bgRc,"Nelly Furtado"
3AQRLZ9PuTAozP28Skbq8V,"The Script"
3BmGtnKgCSGYIUhmivXKWX,"Kelly Clarkson"
7gP3bB2nilZXLfPHJhMdvc,"Foster The People"
1G9G7WwrXka3Z1r7aIDjI7,"Outkast"
4exLIFE8sISLr28sqG1qNX,"Travis Barker"
23TFHmajVfBtlRx5MXqgoz,"Sfera Ebbasta"
1nzgtKYFckznkcVMR3Gg4z,"KSI"
4ofCBoyEiGSePFAG500xev,"Regard"
46gyXjRIvN1NL1eCB8GBxo,"All Time Low"
1GxkXlMwML1oSg5eLPiAz3,"Michael Bublé"
085pc2PYOi8bGKj0PNjekA,"will.i.am"
5ndkK3dpZLKtBklKjxNQwT,"B.o.B"
4tm8CEdm4pkQsEh4jIr9Yp,"Santa Fe Klan"
3koiLjNrgRTNbOwViDipeA,"Marvin Gaye"
7cYEt1pqMgXJdq00hAwVpT,"Chase Atlantic"
2jnIB6XdLvnJUeNTy5A0J2,"Why Don't We"
3FUY2gzHeIiaesXtOAdB7A,"Train"
5yxyJsFanEAuwSM5kOuZKc,"London Symphony Orchestra"
3ApUX1o6oSz321MMECyIYd,"Quinn XCII"
6h1s4i4XKIYv4ErDelLDN0,"Samra"
64aJYyrXljOodnUG6jvhRD,"DJ Luian"
2hR4h1Cao2ueuI7Cx9c7V8,"Cavetown"
4bYPcJP5jwMhSivRcqie2n,"Adam Levine"
43DRDu6nLSeIedZ7T1A616,"Xand Avião"
1MIVXf74SZHmTIp4V4paH4,"Mabel"
5bSfBBCxY8QAk4Pifveisz,"La Arrolladora Banda El Limón De Rene Camacho"
2T1aUibqR2QC2sINIDQOAK,"Mambo Kingz"
74KM79TiuVKeVCqs8QtB0B,"Sabrina Carpenter"
1RBzGO6Nm3uyhUSxP7EDWO,"Kevin Roldan"
6CwfuxIqcltXDGjfZsMd9A,"MARINA"
61qDotnjM0jnY5lkfOP7ve,"TKKG"
2xiIXseIJcq3nG7C8fHeBj,"Three Days Grace"
1IueXOQyABrMOprrzwQJWN,"Sigala"
5nP8x4uEFjAAmDzwOEc9b8,"Matuê"
0NiaKn55OzJswiYevvlKfz,"Raí Saia Rodada"
41X1TR6hrK8Q2ZCpp2EqCz,"bbno$"
3QSQFmccmX81fWCUSPTS7y,"Dean Lewis"
4EPJlUEBy49EX1wuFOvtjK,"Becky Hill"
2DspEsT7UXGKd2VaaedgG4,"Alex Rose"
5IcR3N7QB1j6KBL8eImZ8m,"ScHoolboy Q"
5IbEL2xjRtKsunfmsahLuO,"$NOT"
25uiPmTg16RbhZWAqwLBy5,"Charli XCX"
5p7f24Rk5HkUZsaS3BLG5F,"Hailee Steinfeld"
4sTQVOfp9vEMCemLw50sbu,"Galantis"
0UWZUmn7sybxMCqrw9tGa7,"Juanes"
0u2FHSq3ln94y5Q57xazwf,"Keith Urban"
2IvkS5MXK0vPGnwyJsrEyV,"Eric Church"
3NPpFNZtSTHheNBaWC82rB,"X Ambassadors"
4Euia7UzdRshy1DJOSMTcs,"220 KID"
5H4yInM5zmHqpKIoMNAx4r,"Central Cee"
2SrSdSvpminqmStGELCSNd,"Stormzy"
1qQLhymHXFPtP5U8KNKsm6,"Apache 207"
56mfhUDKa1vec6rSLZV5Eg,"Jawsh 685"
3HphLd0XiELTvIPYf55dYC,"Strange Fruits Music"
3TJGVUkSJzk5ZPixMFczZX,"Vitor Fernandes"
4xnihxcoXWK3UqryOSnbw5,"Sasha Sloan"
7d86ERlvO5UG44j7Va0Y0C,"Pamungkas"
1QRj3hoop9Mv5VvHQkwPEp,"Olivia O'Brien"
1tqysapcCh1lWEAc9dIFpa,"Jubin Nautiyal"
5K8Rmjmf4RZFffz94EmBRt,"Zé Vaqueiro"
4sVieJlKgpZ2k9ESNS5IdN,"Jamule"
1vgQksyJ0IVz8y9XerEOy3,"Madame"
5XJDexmWFLWOkjOEjOVX3e,"Eladio Carrion"
0XeEobZplHxzM9QzFQWLiR,"Eslabon Armado"
0Q8NcsJwoCbZOHHW63su5S,"Mora"
1r1uxoy19fzMxunt3ONAkG,"Phoebe Bridgers"
2oT7xd9iTO2ejLsNGIMa5f,"Flow La Movie"
37hAfseJWi0G3Scife12Il,"City Girls"
3Sz7ZnJQBIHsXLUSo0OQtM,"Mac DeMarco"
35l9BRT7MXmM8bv2WDQiyB,"beabadoobee"
1pPmIToKXyGdsCF6LmqLmI,"Rich The Kid"
1pf0MPKfKdvS8J779mS1Ay,"Miky Woodz"
0RESbWvOMyua0yuyVrztJ5,"Key Glock"
3cR4rhS2hBWqI7rJEBacvN,"Leslie Odom Jr."
0gadJ2b9A4SKsB1RFkBb66,"Passenger"
0rvjqX7ttXeg3mTy8Xscbt,"Journey"
4mN0qcMxWX8oToqfDPM5yV,"José José"
7An4yvF7hDYDolN4m5zKBp,"Soda Stereo"
1ThoqLcyIYvZn7iWbj8fsj,"Bill Withers"
4lDiJcOJ2GLCK6p9q5BgfK,"Kontra K"
762310PdDnwsDxAQxzQkfX,"Depeche Mode"
0oOet2f43PA68X5RxKobEy,"Shreya Ghoshal"
49bzE5vRBRIota4qeHtQM8,"Skillet"
6PAt558ZEZl0DmdXlnjMgD,"Eric Clapton"
7y97mc3bZRFXzT2szRM4L4,"Frédéric Chopin"
1mYsTxnqsietFxj1OgoGbG,"A.R. Rahman"
1UTPBmNbXNTittyMJrNkvw,"Blake Shelton"
4QQgXkCYTt3BlENzhyNETg,"Earth, Wind & Fire"
4PPoI9LuYeFX8V674Z1R6l,"Vicente Fernández"
3hYtANQYrE6pd2PbtEyTIy,"Los Tigres Del Norte"
66W9LaWS0DPdL7Sz8iYGYe,"JP Saxe"
2UwqpfQtNuhBwviIC0f2ie,"Damso"
6PXS4YHDkKvl1wkIl4V8DL,"Fetty Wap"
52qzWdNUp6ebjcNsvgZSiC,"Evaluna Montaner"
13ZEDW6vyBF12HYcZRr4EV,"Tyler Childers"
3gd8FJtBJtkRxdfbTu19U2,"Mumford & Sons"
3tJnB0s6c3oXPq1SCCavnd,"Marco Antonio Solís"
0RPzmE1iY76tx1eBBXFyYn,"DJ Ivis"
6L1XC7NrmgWRlwAeLJvVtA,"Sam Fischer"
3RtNN1VnooWEn3KQk03DUL,"Noriel"
0pcoadNMmvrUyab1RxWBoV,"MC Hariel"
3jOstUTkEu2JkjvRdBA5Gu,"Weezer"
20qISvAhX20dpIbOOzGK3q,"Nas"
6fxyWrfmjcbj5d12gXeiNV,"Denzel Curry"
3SgHzT552wy2W8pNLaLk24,"Hillsong Worship"
2wkoKEfS6dXwThbyTnZWFU,"Mau y Ricky"
5ENS85nZShljwNgg4wFD7D,"Gabry Ponte"
3qnGvpP8Yth1AqSBMqON5x,"Leon Bridges"
59jlthNnbmim5l9tmNA7se,"Maiara & Maraisa"
4RddZ3iHvSpGV4dvATac9X,"Papa Roach"
6C1ohJrd5VydigQtaGy5Wa,"Joyner Lucas"
3Mcii5XWf6E0lrY3Uky4cA,"Ice Cube"
4zCH9qm4R2DADamUHMCa6O,"Anirudh Ravichander"
5hREZP0zTQbTLkZ2M8RS4v,"Djadja & Dinaz"
3HiuzBlSW7pGDXlSFMhO2g,"Young Dolph"
2y8Jo9CKhJvtfeKOsYzRdT,"Rod Stewart"
7iZtZyCzp3LItcw1wtPI3D,"Rae Sremmurd"
4WN5naL3ofxrVBgFpguzKo,"Rudimental"
6kq4GHwUcUojGIu0ziSNXf,"Amenazzy"
1pgDilWYDWLoOgGjf1iHNu,"Zion"
6roFdX1y5BYSbp60OTJWMd,"Tim McGraw"
4ehtJnVumNf6xzSCDk8aLB,"Martin Jensen"
7f5Zgnp2spUuuzKplmRkt7,"Lost Frequencies"
1QAJqy2dA3ihHBFIHRphZj,"Cigarettes After Sex"
2ZRQcIgzPCVaT9XKhXZIzh,"Gryffin"
7sfl4Xt5KmfyDs2T3SVSMK,"Lil Jon"
59wfkuBoNyhDMQGCljbUbA,"Diddy"
73jBynjsVtofjRpdpRAJGk,"Dimitri Vegas & Like Mike"
0CbeG1224FS58EUx4tPevZ,"Timmy Trumpet"
1moxjboGR7GNWYIMWsRjgG,"Florence + The Machine"
4QFG9KrGWEbr6hNA58CAqE,"Aleman"
4EzkuveR9pLvDVFNx6foYD,"James Bay"
4Yttlv9ndGjCDCVLqM7ACq,"Sido"
5H1nN1SzW0qNeUEZvuXjAj,"Danny Ocean"
6W5uA6CNMf3hd2j4a2XWCx,"Naps"
5sWHDYs0csV6RS48xBl0tH,"Two Feet"
6Ip8FS7vWT1uKkJSweANQK,"Dave"
37M5pPGs6V1fchFJSgCguX,"FINNEAS"
49tQo2QULno7gxHutgccqF,"LANY"
3fZk3Gm5dN5v5yfYMQ04Bx,"Dímelo Flow"
5f4QpKfy7ptCHwTqspnSJI,"Neha Kakkar"
3z97WMRi731dCvKklIf2X6,"NEFFEX"
3grHWM9bx2E9vwJCdlRv9O,"Kenny Chesney"
5SulO4l40qDuV9zUGLZx7n,"Capo Plaza"
74ASZWbe4lXaubB36ztrGX,"Bob Dylan"
5DUlefCLzVRzNWaNURTFpK,"Cali Y El Dandee"
4KWTAlx2RvbpseOGMEmROg,"R.E.M."
4IMAo2UQchVFyPH24PAjUs,"Jowell & Randy"
3uL4UpqShC4p2x1dJutoRW,"Ghostemane"
7uaIm6Pw7xplS8Dy06V6pT,"Trevor Daniel"
67nwj3Y5sZQLl72VNUHEYE,"Wale"
1mX1TWKpNxDSAH16LgDfiR,"Jesse & Joy"
22WZ7M8sxp5THdruNY3gXt,"The Doors"
3Fl1V19tmjt57oBdxXKAjJ,"Blueface"
4Q6nIcaBED8qUel8bBx6Cr,"Jax Jones"
4Xi6LSfFqv26XgP9NKN26U,"AJ Tracey"
1bqxdqvUtPWZri43cKHac8,"MAX"
2oX42qP5ineK3hrhBECLmj,"Andy Grammer"
4dM6NDYSfLcspt8GLoT5aE,"Hippie Sabotage"
4qIVPF0s71ZYW3qzhu5GkF,"Kina"
2KsP6tYLJlTBvSUxnwlVWa,"Mike Posner"
25u4wHJWxCA9vO0CzxAbK7,"Lukas Graham"
2iojnBLj0qIMiKPvVhLnsH,"Trey Songz"
6vTqEFbTtTRJsuIpzZgjxi,"Grupo Menos É Mais"
44mEtidu0VdRkIqO4IbkNa,"Marca MP"
48QpIkzC2yRCUCvNvOVZqD,"Avocuddle"
2q3GG88dVwuQPF4FmySr9I,"The Score"
0ZUvK7zGdXLd78mQr3t1Tw,"Ricky Montgomery"
4b19vuzlDcNdU4quI7L6sW,"ElyOtto"
0ghlgldX5Dd6720Q3qFyQB,"TOMORROW X TOGETHER"
1z4g3DjTBBZKhvAroFlhOM,"Red Velvet"
6ydoSd3N2mwgwBHtF6K7eX,"Calum Scott"
5g63iWaMJ2UrkZMkCC8dMi,"Lil Tracy"
5bWUlnPx9OYKsLiUJrhCA1,"Jon Z"
4LXBc13z5EWsc5N32bLxfH,"Nekfeu"
4sbXXFzEWJY2zsZjelerjX,"Dadju"
7nqOGRxlXj7N2JYbgNEjYH,"SEVENTEEN"
3VHAySZQPlfGlNLslzXYpN,"Nathy Peluso"
2vnB6tuQMaQpORiRdvXF9H,"Beach Bunny"
12nEr6QOfSKkiTXjEp8tBB,"Koosen"
4QrBoWLm2WNlPdbFhmlaUZ,"KEVVO"
03d2mJXSMtuPI0nIvLnhoS,"Zoe Wees"
6yJCxee7QumYr820xdIsjo,"Zac Brown Band"
5M52tdBnJaKSvOpJGz8mfZ,"Black Sabbath"
1on7ZQ2pvgeQF4vmIA09x5,"Charlie Brown Jr."
2cnMpRsOVqtPMfq7YiFE6K,"Van Halen"
776Uo845nYHJpNaStv1Ds4,"Jimi Hendrix"
2Kx7MNY7cI1ENniW7vT30N,"Norah Jones"
70cRZdQywnSFp9pnc2WTCE,"Simon & Garfunkel"
2wIVse2owClT7go1WT98tk,"Missy Elliott"
44NX2ffIYHr6D4n7RaZF7A,"Van Morrison"
7t0rwkOPGlDPEhaOcVtOt9,"The Cranberries"
0NbfKEOTQCcwd6o7wSDOHI,"The Game"
014WIDx7H4BRCHB1faiisK,"Los Tucanes De Tijuana"
2Mu5NfyYm8n5iTomuKAEHl,"Ms. Lauryn Hill"
0MeLMJJcouYXCymQSHPn8g,"Sleeping At Last"
4NiJW4q9ichVqL1aUsgGAN,"A Day To Remember"
5a2EaR3hamoenG9rDuVn8j,"Prince"
5EvFsr3kj42KNv97ZEnqij,"Shaggy"
5eioJDe26lOqkAMbuhzZYs,"Gzuz"
165ZgPlLkK7bf5bDoFc6Sb,"Limp Bizkit"
7mnBLXK823vNxN3UWB7Gfz,"The Black Keys"
6mdiAmATAx73kdxrNrnlao,"Iron Maiden"
54R6Y0I7jGUCveDTtI21nb,"Boney M."
0Dvx6p8JDyzeOPGmaCIH1L,"RAF Camora"
2pSObt5Fk8izuX8ZfI3jRn,"Upchurch"
4J13m9IZh03PEhoxAxRhXO,"Gerardo Ortiz"
2gsggkzM5R49q6jpPvazou,"Jessie J"
32vWCbZh0xZ4o9gkz4PsEU,"Dolly Parton"
19ra5tSw0tWufvUp8GotLo,"George Michael"
6UBA15slIuadJ8h2lPRPos,"Tech N9ne"
6Dd3NScHWwnW6obMFbl1BH,"Daya"
1kiq2kUV0cbLUhJsr7cpW0,"Alida"
7gAppWoH7pcYmphCVTXkzs,"The Vamps"
5vngPClqofybhPERIqQMYd,"George Strait"
4MVyzYMgTwdP7Z49wAZHx0,"Lynyrd Skynyrd"
2wOqMjp9TyABvtHdOSOTUS,"Ludwig van Beethoven"
4f9iBmdUOhQWeP7dcAn1pf,"Rag'n'Bone Man"
7nwUJBm0HE4ZxD3f5cy5ok,"Aretha Franklin"
07XSN3sPlIlB2L2XNcTwJw,"KISS"
2YlvvdXUqRjiXmeL2GRuZ9,"Sherlock Holmes"
3NH8t45zOTqzlZgBvZRjvB,"PNL"
1YfEcTuGvBQ8xSD1f53UnK,"Busta Rhymes"
1l6d0RIxTL3JytlLGvWzYe,"Benjamin Blümchen"
4W12lEvVl5wectUtRNrvDh,"White Noise Baby Sleep"
3ZuBEj9ppJe8GSdKaMTfMN,"Nimo"
4mxWe1mtYIYfP040G38yvS,"Alan Jackson"
0blbVefuxOGltDBa00dspv,"LiSA"
3YCKuqpv9nCsIhJ2v8SMix,"Elevation Worship"
2AfmfGFbe0A0WsTYm0SDTx,"(G)I-DLE"
5nGIFgo0shDenQYSE0Sn7c,"Evanescence"
4VIvfOurcf0vuLRxLkGnIG,"Bradley Cooper"
3RNrq3jvMZxD9ZyoOZbQOD,"Korn"
4ZgQDCtRqZlhLswVS6MHN4,"grandson"
0PFtn5NtBbbUNbU9EAmIWF,"TOTO"
3o2dn2O0FCVsWDFSh8qxgG,"Sabaton"
1o2NpYGqHiCq7FoiYdyd1x,"Bea Miller"
2YOYua8FpudSEiB9s88IgQ,"Yung Gravy"
4Rxn7Im3LGfyRkY2FlHhWi,"Nick Jonas"
4NUePmzDvCYqilXBFa91Hg,"Dilsinho"
3oDbviiivRWhXwIE8hxkVV,"The Beach Boys"
5yG7ZAZafVaAlMTeBybKAL,"Iggy Azalea"
0GOx72r5AAEKRGQFn3xqXK,"GIMS"
13bDjug9N0pyv3ZUINjkDV,"Bausa"
6P5NO5hzJbuOqSdyPB7SJM,"Ashe"
1sPg5EHuQXTMElpZ4iUgXe,"ANAVITÓRIA"
2jSGzJw0ebJLu7OLVSOcBP,"Plan B"
0vRvGUQVUjytro0xpb26bs,"Arizona Zervas"
4ETSs924pXMzjIeD6E9b4u,"Surfaces"
15iVAtD3s3FsQR4w1v6M0P,"Chief Keef"
6LnJKrtFnTEGdbWQ2riWCL,"Ezhel"
2WBJQGf1bT1kxuoqziH5g4,"Purple Disco Machine"
6ZLTlhejhndI4Rh53vYhrY,"Ozzy Osbourne"
2ysnwxxNtSgbb9t1m2Ur4j,"George Ezra"
27T030eWyCQRmDyuvr1kxY,"Scorpions"
0JjPiLQNgAFaEkwoy56B1C,"L7NNON"
4vhNDa5ycK0ST968ek7kRr,"Carlos Vives"
6AcOTCYBMvjKYy4zms0kaC,"Banda El Recodo"
3cjEqqelV9zb4BYE3qDQ4O,"EXO"
7f4ignuCJhLXfZ9giKT7rH,"NCT 127"
7jefIIksOi1EazgRTfW2Pk,"Electric Light Orchestra"
3utZ2yeQk0Z3BCOBWP7Vlu,"Cro"
6sFIWsNpZYqfjUpaCgueju,"Carly Rae Jepsen"
6nxWCVXbOlEVRexSbLsTer,"Flume"
3k68C6mNMJL6OaAdWeW2ZF,"Diego & Victor Hugo"
4PzYKhC14sTJNEr0dzoo0d,"Luísa Sonza"
1cUpGtXcSQsovNYEZOQgOG,"Nanpa Básico"
3AVfmawzu83sp94QW7CEGm,"Astrid S"
7a0XAaPaK2aDSqa8p3QnC7,"Beéle"
2P5sC9cVZDToPxyomzF1UH,"Joey Bada$$"
4BxCuXFJrSWGi1KHcVqaU4,"Kodaline"
45gHcnDnMC15sgx3VL7ROG,"42 Dugg"
3Gm5F95VdRxW3mqCn8RPBJ,"Aminé"
6m6e7D2TnV0aYMllFFwMxu,"Guilherme & Benuto"
6MF9fzBmfXghAz953czmBC,"Taio Cruz"
7A8S43ryYdbWpJKeHRZRcq,"JACKBOYS"
5nki7yRhxgM509M5ADlN1p,"Oliver Heldens"
7kXCcNRLEnblbTAppPraBp,"Milly"
1WXbiUMl1AT9Inb619xPUg,"BIN"
5gqmbbfjcikQBzPB5Hv13I,"Gazo"
2zWqENF4cnsd1nLmraG9IE,"DJ Lucas Beat"
1vqR17Iv8VFdzure1TAXEq,"Lit Killah"
5VadK1havLhK1OpKYsXv9y,"D-Block Europe"
6EPlBSH2RSiettczlz7ihV,"Sleepy Hallow"
0Cp8WN4V8Tu4QJQwCN5Md4,"BENEE"
5k3Cw8TfLQt40L5dbqxJKD,"Formal Chicken"
0KKUc4amZyvswV2YL6WTar,"Mariah Angeliq"
1eMmoIprPDWeFdB1FxU6ZV,"Au/Ra"
0ZHPrnImGh4re3TbSNkoZl,"Beret"
5fyDppLDl1juIu1BcUT5zh,"Digital Farm Animals"
11YLRSsZA3YVuQQtHXKTlz,"Rafa Pabön"
1LIuN7ov1IBQDdLsU83ojl,"Hugo & Guilherme"
6t1gpxYbY8OlLA7D2RiikQ,"Loud Luxury"
20DZAfCuP1TKZl5KcY7z3Q,"SLANDER"
4FUMTycjZlEY6ZxMgqNjC8,"Tierry"
4o0NtnL2m0lzZmEdRas1qv,"Ovi"
1l8Fu6IkuTP0U5QetQJ5Xt,"Fifth Harmony"
4xFUf1FHVy696Q1JQZMTRj,"Carrie Underwood"
6U1dBXJhC8gXFjamvFTmHg,"Zac Efron"
5BtHciL0e0zOP7prIHn3pP,"Breaking Benjamin"
70BYFdaZbEKbeauJ670ysI,"Shinedown"
2txHhyCwHjUEpJjWrEyqyX,"Tom Odell"
2c5WYCqQGs0UttiLCzVfOe,"Erik Eriksson"
3yY2gUcIsjMr8hjo51PoJ8,"The Smiths"
2pAWfrd7WFF3XhVt9GooDL,"MF DOOM"
5c4wQaXkNDqSOTjqX4ExAu,"Jenni Rivera"
5W5bDNCqJ1jbCgTxDD0Cb3,"Willie Nelson"
03Yb3iBy9GCifXiATEFcit,"Pepe Aguilar"
7KMqksf0UMdyA0UCf4R3ux,"James Blunt"
2d0hyoQ5ynDBnkvAbJKORj,"Rage Against The Machine"
5gOJTI4TusSENizxhcG7jB,"David Bisbal"
6S0dmVVn4udvppDhZIWxCr,"Sean Kingston"
5xd2Tg7Zo8755eCy8Gxkp8,"Ha*Ash"
4F84IBURUo98rz4r61KF70,"The White Stripes"
5MspMQqdVbdwP6ax3GXqum,"Annie Lennox"
74cb3MG0x0BOnYNW1uXYnM,"Hillsong UNITED"
3nlpTZci9O5W8RsNoNH559,"Juan Luis Guerra 4.40"
77tT1kLj6mCWtFNqiOmP9H,"Daryl Hall & John Oates"
5lYeiQxUTcGKVgAuTqbTeL,"Charles Ans"
1hcdI2N1023RvSwLzTtdsp,"Natalia Lafourcade"
7H55rcKCfwqkyDFH9wpKM6,"Christina Perri"
6ltzsmQQbmdoHHbLZ4ZN25,"Lord Huron"
4QVBYiagIaa6ZGSPMbybpy,"Pedro Capó"
4STHEaNw4mPZ2tzheohgXB,"Paul McCartney"
4kYGAK2zu9EAomwj3hXkXy,"JP Cooper"
2WX2uTcsvV5OnS0inACecP,"Birdy"
6Wr3hh341P84m3EI8qdn9O,"Rise Against"
6Ha4aES39QiVjR0L2lwuwq,"Yo Gotti"
7gJN8W0589FisSYJS17K54,"Filipe Ret"
57WHJIHrjOE3iAxpihhMnp,"Louis Tomlinson"
1ackd5XprZEkH3McKbQD51,"Juan Magán"
3dRfiJ2650SZu6GbydcHNb,"John Williams"
0vLuOi2k62sHujIfplInlK,"Hungria Hip Hop"
6uothxMWeLWIhsGeF7cyo4,"Enya"
0cc6vw3VN8YlIcvr1v7tBL,"Mötley Crüe"
3XHO7cRUPCLOr6jwp8vsx5,"alt-J"
5iNrZmtVMtYev5M9yoWpEq,"Seeb"
2SHhfs4BiDxGQ3oxqf0UHY,"Roxette"
0Ty63ceoRnnJKVEYP0VQpk,"Sting"
4yBK75WVCQXej1p04GWqxH,"Jeezy"
7jdFEYD2LTYjfwxOdlVjmc,"KALEO"
5Vo1hnCRmCM6M4thZCInCj,"Official HIGE DANdism"
2CmaKO2zEGJ1NWpS1yfVGz,"Falling In Reverse"
2HcwFjNelS49kFbfvMxQYw,"Robbie Williams"
3DCWeG2J1fZeu0Oe6i5Q6m,"PLK"
70kkdajctXSbqSMJbQO424,"Kacey Musgraves"
66lH4jAE7pqPlOlzUKbwA0,"Miranda Lambert"
1l2ekx5skC4gJH8djERwh1,"Don Diablo"
7CUFPNi1TU8RowpnFRSsZV,"Niska"
1zuJe6b1roixEKMOtyrEak,"Tina Turner"
2NdeV5rLm47xAvogXrYhJX,"Ciara"
7CQwac16i1W5ej8YpuL3dv,"Boyce Avenue"
5dbaLmK5SHLLg8Z4CcTJpX,"Greeicy"
2y246nnP9pQT0E6v3ZMMOO,"Night Lovell"
6IE6z7DcZIT4Ml3Fh5Ivch,"Selena"
7aBzpmFXB4WWpPl2F7RjBe,"Wyclef Jean"
2NpPlwwDVYR5dIj0F31EcC,"Leony"
204IwDdaHE4ymGk9Kya2pY,"Djonga"
3hBQ4zniNdQf1cqqo6hzuW,"Salmo"
1oSgjdbgLYULVmEBojPRw8,"Fernando & Sorocaba"
58oPVy7oihAEXE0Ott6JOf,"Eve"
0EdvGhlC1FkGItLOWQzG4J,"Sublime"
73Np75Wv2tju61Eo9Zw4IR,"Idina Menzel"
5xkAtLTf309LAGZTbvULBn,"Ruel"
1OAjDaKgg00KCUYqDe68un,"Gigi D'Agostino"
40Yq4vzPs9VNUrIBG5Jr2i,"The Smashing Pumpkins"
1tG7s7S4sq2eFFW0QZyLbm,"Sheff G"
1JbemQ1fPt2YmSLjAFhPBv,"Chayanne"
4nXOZlYoAD67hF9aUEncMY,"Pouya"
1KP6TWI40m7p3QBTU6u2xo,"BØRNS"
6IdtcAwaNVAggwd6sCKgTI,"Zoé"
5pUo3fmmHT8bhCyHE52hA6,"Liam Payne"
0WK3H9OErSn5zKOkOV5egm,"DDG"
0bdfiayQAKewqEvaU6rXCv,"MØ"
64tNsm6TnZe2zpcMVMOoHL,"Alice In Chains"
2jzc5TC5TVFLXQlBNiIUzE,"a-ha"
2rWCIhENZyPVDAeFC0ESWN,"Josh A"
5v2WhpA59TJSdPh7LCx1lN,"BONES"
1Y8cdNmUJH7yBTd9yOvr5i,"Destiny's Child"
68KmkJeZGfwe1OUaivBa2L,"ATEEZ"
1GKIlPFdcewHtpDVCQ8zmJ,"Brray"
7eLcDZDYHXZCebtQmVFL25,"Aitana"
09U6hmCerKcIJrixubiBjm,"Pineapple StormTv"
00me4Ke1LsvMxt5kydlMyU,"Cosculluela"
0CEFCo8288kQU7mJi25s6E,"Hollywood Undead"
75i9GaW2MJUgt4BkdUnuUY,"MC Ryan SP"
0EeQBlQJFiAfJeVN2vT9s0,"Nipsey Hussle"
3rWZHrfrsPBxVy692yAIxF,"WILLOW"
3Apb2lGmGJaBmr0TTBJvIZ,"Rusherking"
3YbOSxo85kla7RID8ugnW3,"Los Temerarios"
3Wb38LDP3N4tkobValgE9D,"Juanka"
1vppDmG3i5sXf3DJzrK4T1,"Thiaguinho"
5QdEbQJ3ylBnc3gsIASAT5,"G Herbo"
7HkdQ0gt53LP4zmHsL0nap,"Ella Mai"
3ycxRkcZ67ALN3GQJ57Vig,"Masego"
5Zq7R5qmi58ByYyBQTlNuk,"Lee Brice"
6UCQYrcJ6wab6gnQ89OJFh,"Headie One"
4boI7bJtmB1L3b1cuL75Zr,"Mon Laferte"
4frBEXn8nhWzOVwfCSpuYB,"Fer Palacio"
0ksX396B3t2Gt8kwr0BJZk,"Fumez The Engineer"
3gGUMEwIX6XodWsYEvKSal,"YBN Nahmir"
6QrQ7OrISRYIfS5mtacaw2,"Jaymes Young"
0VZrPa7mWAYXH4CwmYk8Km,"Kidd Keo"
6aZyMrc4doVtZyKNilOmwu,"Colbie Caillat"
1hzfo8twXdOegF3xireCYs,"Milky Chance"
6U3ybJ9UHNKEdsH7ktGBZ7,"JID"
5ZfBThYiIIhL7jHMG8gDB2,"Ferrugem"
1El4YQA8oCXX7ynFSxRTFq,"Massimo Pericolo"
25XJqeReVV38w0tR04GGBd,"Mainstreet"
3JSSjGYcIkgsrz7892CelT,"Ed Maverick"
2KC9Qb60EaY0kW4eH68vr3,"ITZY"
6Y64EaNqpqcZYTgs4c76gF,"jxdn"
5Y3MV9DZ0d87NnVm56qSY1,"Tiago PZK"
7okSU80WTrn4LXlyXYbX3P,"Clinton Kane"
1mV9h1AwhRXSjBFcYpajgY,"Mc Lele JP"
3QVolfxko2UyCOtexhVTli,"Angèle"
0lAWpj5szCSwM4rUMHYmrr,"Måneskin"
3wyVrVrFCkukjdVIdirGVY,"Lil Pump"
18ISxWwWjV6rPLoVCXf1dz,"RIN"
57n1OF36WvtOeATY6WQ6iw,"Digga D"
6tzRZ39aZlNqlUzQlkuhDV,"Pabllo Vittar"
3KedxarmBCyFBevnqQHy3P,"Jessie Reyez"
68YeXpLt3jB7JHQS5ZjMGo,"Teto"
0EyOVnnzk2mlj1xuGiHpua,"Silent Chills"
1lmU3giNF3CSbkVSQmLpHQ,"Surf Mesa"
3v6Ji4uoWtKRkhuDUaxi9n,"Dynoro"
2wX6xSig4Rig5kZU6ePlWe,"KSHMR"
6B5c4sch27tWHAGdarpPaW,"Seether"
6AUl0ykLLpvTktob97x9hO,"Tee Grizzley"
1cZQSpDsxgKIX2yW5OR9Ot,"Lennon Stella"
4ufh0WuMZh6y4Dmdnklvdl,"BAEKHYUN"
4iMO20EPodreIaEl8qW66y,"Still Woozy"
2Ie3P7oklbSFxfrGtrkT9W,"Orange Stick"
6L34dW6SKMSDaGIfYDU19j,"Maes"
2vf4pRsEY6LpL5tKmqWb64,"Elderbrook"
1TYJOhNSxMOODWiDVhuyZb,"Kawe"
4puAp107dCehraE47QXVQX,"C.R.O"
50JJSqHUf2RQ9xsHs0KMHg,"Jon Bellion"
34nbQa7Hug9DYkRJpfKNFv,"T3R Elemento"
1ShZZUjkbXCjhwrb18BA8I,"Bryce Vine"
2cWZOOzeOm4WmBJRnD5R7I,"Normani"
3pc0bOVB5whxmD50W79wwO,"keshi"
0HthCchcL0kVLHTr113Vk1,"mxmtoon"
7gU9VyFRN3JWPJ5oHOil60,"Tayc"
6XJykeImeaTIiXaeoORBs5,"Deep Sleep Music Collective"
2Tglaf8nvDzwSQnpSrjLHP,"Cuco"
1Cj9j44XMhQeNHAwWJRCKd,"Sleepy Dogs"
6eJa3zG1QZLRB3xgRuyxbm,"Dayglow"
5pXe6yFchq1oyYK3rq2A8i,"KIDDO"
57DlMWmbVIf2ssJ8QBpBau,"Toby Fox"
5F1aoppMtU3OMiltO8ymJ2,"Hugh Jackman"
2yEwvVSSSUkcLeSTNyHKh8,"TOOL"
3gBKY0y3dFFVRqicLnVZYz,"Alka Yagnik"
0XKOBt59crntr7HQXXO8Yz,"Brooks & Dunn"
4MXUO7sVCaFgFjoTI5ox5c,"Sufjan Stevens"
4bthk9UfsYUYdcFyqxmSUU,"Tears For Fears"
4x1nvY2FN8jxqAFA0DA02H,"John Lennon"
3gMaNLQm7D9MornNILzdSl,"Lionel Richie"
2QWIScpFDNxmS6ZEMIUvgm,"Julieta Venegas"
6KZDXtSj0SzGOV705nNeh3,"Kid Ink"
1EXjXQpDx2pROygh8zvHs4,"Melendi"
6wPhSqRtPu1UhRCDX5yaDJ,"The Pussycat Dolls"
16kOCiqZ1auY4sokSeZuKf,"Los Bukis"
67ea9eGLXYMsO2eYQRui3w,"The Who"
23wEWD21D4TPYiJugoXmYb,"Thalia"
3r17AfJCCUqC9Lf0OAc73G,"Fergie"
6v8FB84lnmJs434UJf2Mrm,"Neil Young"
0Y4inQK6OespitzD6ijMwb,"Freddie Gibbs"
1J2VVASYAamtQ3Bt8wGgA6,"Ja Rule"
3RGLhK1IP9jnYFH4BRFJBS,"The Clash"
2QOIawHpSlOwXDvSqQ9YJR,"Antonio Vivaldi"
32WkQRZEVKSzVAAYqukAEA,"Lady A"
6GI52t8N5F02MxU0g5U69P,"Santana"
2oSONSC9zQ4UonDKnLqksx,"Atif Aslam"
7b79bQFziJFedJb75k6hFt,"Tion Wayne"
7x8nK0m0cP2ksQf0mjWdPS,"Dierks Bentley"
4uoz4FUMvpeyGClFTTDBsD,"Ricardo Montaner"
0B3N0ZINFWvizfa8bKiz4v,"James TW"
1uiEZYehlNivdK3iQyAbye,"Tom Misch"
4cdyqaBREB68H77QKCrKP1,"Dubdogz"
2VYQTNDsvvKN9wmU5W7xpj,"Marilyn Manson"
5e4Dhzv426EvQe3aDb64jL,"Shania Twain"
